ablation,mase,regret,correction_rate,helped,harmed,decision_accuracy,compute_cost,n_features,delta_vs_full_pct,series_delta_pct,series_ci_lo,series_ci_hi,series_significant
full,1.0132454815575185,0.2935088677780121,0.20006090133982948,0.5098934550989346,0.3987823439878234,0.5377588306942753,0.7920219244823387,64,0.0,0.0,0.0,0.0,False
no_self_critique,1.0150842155532789,0.2953476017737728,0.24056029232643117,0.36835443037974686,0.35822784810126584,0.5612058465286236,2.376065773447016,64,0.18146974540996472,0.12198734020034525,-2.75075200231661,2.086664544790076,False
no_uncertainty,0.9985670985923826,0.27883048481287626,0.21345919610231426,0.5007132667617689,0.4079885877318117,0.5475030450669914,0.833130328867235,61,-1.4486502266531611,-1.3616848594211068,-3.9681623190426736,0.09537164312203865,False
no_model_disagreement,1.0118529354934112,0.2921163217139048,0.20249695493300854,0.5067669172932331,0.40902255639097745,0.5371498172959805,0.7956760048721072,61,-0.13743422393226581,-0.11345524926614331,-0.4134288001795117,0.1632501617259872,False
no_changepoint,1.0028818041365497,0.28314519035704344,0.20493300852618757,0.5052005943536404,0.4011887072808321,0.53836784409257,0.8157734470158343,60,-1.0228199986678612,-0.9796476822687853,-3.5170548082419173,0.4223026540180469,False
no_anomaly,1.010787781397076,0.2910511676175696,0.20097442143727162,0.4348484848484849,0.3893939393939394,0.5362362971985384,0.7810596833130329,59,-0.2425572287442694,-0.18416530097324157,-3.0052009994450275,1.671321358872754,False
no_adaptive_tools,1.0150842155532789,0.2953476017737728,0.24056029232643117,0.36835443037974686,0.35822784810126584,0.5612058465286236,2.376065773447016,64,0.18146974540996472,0.12198734020034525,-2.75075200231661,2.086664544790076,False
no_backtesting,1.040385884691907,0.32064927091240086,0.27618757612667477,0.3484013230429989,0.42998897464167585,0.5803897685749086,0.8285627283800243,58,2.6785614767972508,4.410717760116912,0.9216328770168734,7.41307320034753,True
no_correction_loop,1.0089966308454663,0.28926001706596016,0.0,,,0.40773447015834346,0.0,64,-0.4193308323981875,-0.13497862803299834,-3.0213653486538794,1.842484200484923,False
