metric,policy,mean,mean_pct,geometric_mean,geo_pct,median,median_pct,correction_rate,instance_win_rate,helped,harmed,wilcoxon_p_instance,n,series_mean,mean_diff,ci_lo,ci_hi,pct_diff,pct_ci_lo,pct_ci_hi,wilcoxon_p,win_rate,cliffs_delta,n_series,significant
mase,always_correct,1.097764545584372,8.79764233350555,0.4940445694002196,4.686449353417754,0.6313618357715493,3.153628808149178,1.0,0.48614494518879414,0.26431181485992694,0.2920219244823386,0.0005592307762052799,3284,1.0766481351488664,0.08092573033046427,0.02714853016556589,0.1592498492687362,8.127338497040585,2.726515948038469,15.99339820999407,0.0003306930182307855,0.45847750865051906,0.029770955807521426,578,True
mase,always_ensemble,0.9670149202811434,-4.160738428744349,0.4714333654742291,-0.10479176373833221,0.6035382361255341,-1.3922672333564257,1.0,0.5395858708891595,0.5264920828258222,0.44732034104750307,2.192542236574946e-08,3284,0.9490648598550643,-0.04665754496333773,-0.11702394500502325,0.005983659942331913,-4.685798445184836,-11.752667655034426,0.60093655755624,4.228730531525921e-08,0.6003460207612457,-0.03990014487374438,578,False
mase,best_fixed,1.0981237107449617,8.833238603067795,0.49407199554592557,4.692260865154219,0.6313618357715493,3.153628808149178,0.902557856272838,0.48629719853836784,0.2925101214574899,0.3228744939271255,0.0005607480137943397,3284,1.0769882442571062,0.08126583943870413,0.027438030044336904,0.15980628238188338,8.161495517771868,2.7555903042415726,16.04928056339443,0.0003393551980346644,0.45847750865051906,0.029687144550472278,578,True
mase,never_correct,1.0089966308454665,0.0,0.47192790705160187,0.0,0.612059743381196,0.0,0.0,0.5,,,,3284,0.9957224048184019,0.0,0.0,0.0,0.0,0.0,0.0,,0.5,0.0,578,False
mase,random_correct,1.0524955218607592,4.3111036930662205,0.4901598489830853,3.8632896379001247,0.6323476191210493,3.314688796191234,0.30085261875761266,0.48614494518879414,0.30870445344129555,0.4008097165991903,1.2253986249177301e-08,3284,1.0368041752498112,0.04108177043140903,0.021126356780442786,0.06427859333170756,4.125825655083201,2.1217115009374297,6.455473234373045,6.959275831504832e-08,0.42647058823529416,0.03438955472276439,578,True
mase,rgc_calibrated,1.0079107423902156,-0.10762062251298277,0.47128897226388256,-0.13538821887247865,0.612059743381196,0.0,0.015529841656516443,0.5003045066991474,0.3137254901960784,0.27450980392156865,0.5716457836721114,3284,0.9919806426893742,-0.003741762129027912,-0.009614168109460648,0.00036051117859807355,-0.37578366329020463,-0.9655470302703556,0.036205992438607726,0.37026127045291435,0.5017301038062284,-0.0045497539540954035,578,False
crps_scaled,always_correct,0.9102541710023422,5.589138730873877,0.4095301629581339,-3.2190295035576244,0.45153370616525457,-1.462261966265499,1.0,0.5199451887941535,0.43574908647990257,0.39585870889159563,0.003927490243760269,3284,0.8914968602090737,0.044946835859985934,-0.0032442732373782097,0.109732044855103,5.309412860101864,-0.383234675336845,12.962263504684906,0.040604389736170254,0.5484429065743944,-0.008689431400486058,578,False
crps_scaled,always_ensemble,0.7505825730480168,-12.932706095406177,0.4244473283426057,0.30622424707442697,0.4415026493683002,-3.651329212771448,1.0,0.5481120584652862,0.5456760048721072,0.44945188794153473,8.378887051564402e-23,3284,0.735919579262661,-0.11063044508642673,-0.19344768867073656,-0.061575243880460956,-13.068388388682697,-22.85130034925915,-7.273668668051382,1.1795454735997454e-21,0.6539792387543253,-0.10359670023107959,578,True
crps_scaled,best_fixed,0.9112923376679426,5.709565670482575,0.4094927185039184,-3.22787845034217,0.45367176515573704,-0.9956755435284736,0.9375761266747868,0.523142509135201,0.43585579733679763,0.3864891198441052,0.003108117049147293,3284,0.8924987675687337,0.045948743219645684,-0.002122582169522054,0.11047923072330466,5.427764679940286,-0.2507332240825469,13.050525963690346,0.07186423543116777,0.5346020761245674,-0.0068874893739299115,578,False
crps_scaled,never_correct,0.8620717830859502,0.0,0.42315153573830716,0.0,0.45823429193257054,0.0,0.0,0.5,,,,3284,0.8465500243490879,0.0,0.0,0.0,0.0,0.0,0.0,,0.5,0.0,578,False
crps_scaled,random_correct,0.8966638684586955,4.012668788313234,0.4420761360387873,4.472298621689008,0.47443631579782153,3.5357510667567205,0.30085261875761266,0.4826431181485993,0.3694331983805668,0.4848178137651822,5.11141795054583e-08,3284,0.8825144309768439,0.035964406627756,0.018932568071628377,0.05570151520516965,4.248349842693469,2.2364381935002156,6.579825598374832,6.939131384768475e-08,0.421280276816609,0.046057279007674756,578,True
crps_scaled,rgc_calibrated,0.8274823415916075,-4.0123620994209075,0.4015201661603694,-5.111967640669379,0.44603600950053945,-2.662018676207245,0.9738124238733252,0.5459805115712546,0.4727954971857411,0.3783614759224515,8.905297378734437e-13,3284,0.8123224063879002,-0.03422761796118763,-0.12248663527301722,0.024323089546672456,-4.043189058733445,-14.4689187584865,2.8732016829571854,5.397530165886094e-07,0.6098615916955017,-0.031629769758503845,578,False
