policy,family,n,accuracy,most_common_diagnosis
always_correct,anomaly_contaminated,180,0.0,none
always_correct,gradual_drift,180,0.0,none
always_correct,level_shift,180,0.0,none
always_correct,multivariate_var,180,0.0,none
always_correct,near_unit_root,180,0.0,none
always_correct,regime_switching,180,0.0,none
always_correct,seasonal_multiple,180,0.0,none
always_correct,short_history,30,0.0,none
always_correct,trend_damped,180,0.0,none
always_correct,variance_shift,180,0.0,none
always_correct,ar_stationary,180,1.0,none
always_correct,missing_blocks,180,1.0,none
always_correct,seasonal_single,180,1.0,none
always_correct,trend_linear,180,1.0,none
best_fixed,anomaly_contaminated,180,0.0,none
best_fixed,gradual_drift,180,0.0,none
best_fixed,level_shift,180,0.0,none
best_fixed,multivariate_var,180,0.0,none
best_fixed,near_unit_root,180,0.0,none
best_fixed,regime_switching,180,0.0,none
best_fixed,seasonal_multiple,180,0.0,none
best_fixed,short_history,30,0.0,none
best_fixed,trend_damped,180,0.0,none
best_fixed,variance_shift,180,0.0,none
best_fixed,ar_stationary,180,1.0,none
best_fixed,missing_blocks,180,1.0,none
best_fixed,seasonal_single,180,1.0,none
best_fixed,trend_linear,180,1.0,none
never_correct,anomaly_contaminated,180,0.0,none
never_correct,gradual_drift,180,0.0,none
never_correct,level_shift,180,0.0,none
never_correct,multivariate_var,180,0.0,none
never_correct,near_unit_root,180,0.0,none
never_correct,regime_switching,180,0.0,none
never_correct,seasonal_multiple,180,0.0,none
never_correct,short_history,30,0.0,none
never_correct,trend_damped,180,0.0,none
never_correct,variance_shift,180,0.0,none
never_correct,ar_stationary,180,1.0,none
never_correct,missing_blocks,180,1.0,none
never_correct,seasonal_single,180,1.0,none
never_correct,trend_linear,180,1.0,none
random_correct,anomaly_contaminated,900,0.0,none
random_correct,gradual_drift,900,0.0,none
random_correct,level_shift,900,0.0,none
random_correct,multivariate_var,900,0.0,none
random_correct,near_unit_root,900,0.0,none
random_correct,regime_switching,900,0.0,none
random_correct,seasonal_multiple,900,0.0,none
random_correct,short_history,150,0.0,none
random_correct,trend_damped,900,0.0,none
random_correct,variance_shift,900,0.0,none
random_correct,ar_stationary,900,1.0,none
random_correct,missing_blocks,900,1.0,none
random_correct,seasonal_single,900,1.0,none
random_correct,trend_linear,900,1.0,none
rgc,level_shift,180,0.0,none
rgc,short_history,30,0.0,drift_nonstationarity
rgc,trend_damped,180,0.0,none
rgc,variance_shift,180,0.0,none
rgc,multivariate_var,180,0.011111111111111112,none
rgc,regime_switching,180,0.03888888888888889,none
rgc,seasonal_multiple,180,0.03888888888888889,none
rgc,near_unit_root,180,0.07777777777777778,none
rgc,anomaly_contaminated,180,0.2222222222222222,none
rgc,gradual_drift,180,0.2833333333333333,none
rgc,trend_linear,180,0.6277777777777778,none
rgc,seasonal_single,180,0.7222222222222222,none
rgc,missing_blocks,180,0.7555555555555555,none
rgc,ar_stationary,180,0.8555555555555555,none
threshold_single,anomaly_contaminated,180,0.0,none
threshold_single,gradual_drift,180,0.0,none
threshold_single,level_shift,180,0.0,none
threshold_single,multivariate_var,180,0.0,none
threshold_single,near_unit_root,180,0.0,none
threshold_single,regime_switching,180,0.0,none
threshold_single,seasonal_multiple,180,0.0,none
threshold_single,short_history,30,0.0,none
threshold_single,trend_damped,180,0.0,none
threshold_single,variance_shift,180,0.0,none
threshold_single,ar_stationary,180,1.0,none
threshold_single,missing_blocks,180,1.0,none
threshold_single,seasonal_single,180,1.0,none
threshold_single,trend_linear,180,1.0,none
